<?xml version='1.0' encoding='UTF-8'?>
<projetsRequeteAsyncDto>
	<projetRequeteDtos>
		<num>0</num>
		<bureau>SI-1C</bureau>
		<division>DTT</division>
		<id>c3a80c11dbd711e5639a274e82ce6f97</id>
		<nom>Projet_0</nom>
	</projetRequeteDtos>
	<projetRequeteDtos>
		<num>1</num>
		<bureau>SI-1C</bureau>
		<division>DTT</division>
		<id>c3ac78e0dbd711e57b2d274e82ce6f97</id>
		<nom>Projet_1</nom>
	</projetRequeteDtos>
	<projetRequeteDtos>
		<num>2</num>
		<bureau>SI-1C</bureau>
		<division>DTT</division>
		<id>c3ac78e1dbd711e54104274e82ce6f97</id>
		<nom>Projet_2</nom>
	</projetRequeteDtos>
	<projetRequeteDtos>
		<num>3</num>
		<bureau>SI-1C</bureau>
		<division>DTT</division>
		<id>c3ac9ff0dbd711e547e2274e82ce6f97</id>
		<nom>Projet_3</nom>
	</projetRequeteDtos>
	<projetRequeteDtos>
		<num>4</num>
		<bureau>SI-1C</bureau>
		<division>DTT</division>
		<id>c3ac9ff1dbd711e56614274e82ce6f97</id>
		<nom>Projet_4</nom>
	</projetRequeteDtos>
	<projetRequeteDtos>
		<num>5</num>
		<bureau>SI-1C</bureau>
		<division>DTT</division>
		<id>c3ac9ff2dbd711e54d99274e82ce6f97</id>
		<nom>Projet_5</nom>
	</projetRequeteDtos>
	<projetRequeteDtos>
		<num>6</num>
		<bureau>SI-1C</bureau>
		<division>DTT</division>
		<id>c3ac9ff3dbd711e55369274e82ce6f97</id>
		<nom>Projet_6</nom>
	</projetRequeteDtos>
	<projetRequeteDtos>
		<num>7</num>
		<bureau>SI-1C</bureau>
		<division>DTT</division>
		<id>c3ac9ff4dbd711e564bf274e82ce6f97</id>
		<nom>Projet_7</nom>
	</projetRequeteDtos>
	<projetRequeteDtos>
		<num>8</num>
		<bureau>SI-1C</bureau>
		<division>DTT</division>
		<id>c3acc700dbd711e56dc9274e82ce6f97</id>
		<nom>Projet_8</nom>
	</projetRequeteDtos>
	<projetRequeteDtos>
		<num>9</num>
		<bureau>SI-1C</bureau>
		<division>DTT</division>
		<id>c3acc701dbd711e54d00274e82ce6f97</id>
		<nom>Projet_9</nom>
	</projetRequeteDtos>
	<projetRequeteDtos>
		<num>10</num>
		<bureau>SI-1C</bureau>
		<division>DTT</division>
		<id>c3acc702dbd711e54c11274e82ce6f97</id>
		<nom>Projet_10</nom>
	</projetRequeteDtos>
	<projetRequeteDtos>
		<num>11</num>
		<bureau>SI-1C</bureau>
		<division>DTT</division>
		<id>c3acc703dbd711e577d0274e82ce6f97</id>
		<nom>Projet_11</nom>
	</projetRequeteDtos>
	<projetRequeteDtos>
		<num>12</num>
		<bureau>SI-1C</bureau>
		<division>DTT</division>
		<id>c3acc704dbd711e56851274e82ce6f97</id>
		<nom>Projet_12</nom>
	</projetRequeteDtos>
	<projetRequeteDtos>
		<num>13</num>
		<bureau>SI-1C</bureau>
		<division>DTT</division>
		<id>c3acc705dbd711e57c3f274e82ce6f97</id>
		<nom>Projet_13</nom>
	</projetRequeteDtos>
	<projetRequeteDtos>
		<num>14</num>
		<bureau>SI-1C</bureau>
		<division>DTT</division>
		<id>c3acee10dbd711e569fb274e82ce6f97</id>
		<nom>Projet_14</nom>
	</projetRequeteDtos>
	<projetRequeteDtos>
		<num>15</num>
		<bureau>SI-1C</bureau>
		<division>DTT</division>
		<id>c3acee11dbd711e54f70274e82ce6f97</id>
		<nom>Projet_15</nom>
	</projetRequeteDtos>
	<projetRequeteDtos>
		<num>16</num>
		<bureau>SI-1C</bureau>
		<division>DTT</division>
		<id>c3acee12dbd711e55a63274e82ce6f97</id>
		<nom>Projet_16</nom>
	</projetRequeteDtos>
	<projetRequeteDtos>
		<num>17</num>
		<bureau>SI-1C</bureau>
		<division>DTT</division>
		<id>c3acee13dbd711e569a1274e82ce6f97</id>
		<nom>Projet_17</nom>
	</projetRequeteDtos>
	<projetRequeteDtos>
		<num>18</num>
		<bureau>SI-1C</bureau>
		<division>DTT</division>
		<id>c3acee14dbd711e5453c274e82ce6f97</id>
		<nom>Projet_18</nom>
	</projetRequeteDtos>
	<projetRequeteDtos>
		<num>19</num>
		<bureau>SI-1C</bureau>
		<division>DTT</division>
		<id>c3ad1520dbd711e568d9274e82ce6f97</id>
		<nom>Projet_19</nom>
	</projetRequeteDtos>
	<projetRequeteDtos>
		<num>20</num>
		<bureau>SI-1C</bureau>
		<division>DTT</division>
		<id>c3ad1521dbd711e55bfe274e82ce6f97</id>
		<nom>Projet_20</nom>
	</projetRequeteDtos>
	<projetRequeteDtos>
		<num>21</num>
		<bureau>SI-1C</bureau>
		<division>DTT</division>
		<id>c3ad1522dbd711e57bfa274e82ce6f97</id>
		<nom>Projet_21</nom>
	</projetRequeteDtos>
	<projetRequeteDtos>
		<num>22</num>
		<bureau>SI-1C</bureau>
		<division>DTT</division>
		<id>c3ad1523dbd711e55c5e274e82ce6f97</id>
		<nom>Projet_22</nom>
	</projetRequeteDtos>
	<projetRequeteDtos>
		<num>23</num>
		<bureau>SI-1C</bureau>
		<division>DTT</division>
		<id>c3ad1524dbd711e550b3274e82ce6f97</id>
		<nom>Projet_23</nom>
	</projetRequeteDtos>
	<projetRequeteDtos>
		<num>24</num>
		<bureau>SI-1C</bureau>
		<division>DTT</division>
		<id>c3ad3c30dbd711e54835274e82ce6f97</id>
		<nom>Projet_24</nom>
	</projetRequeteDtos>
	<projetRequeteDtos>
		<num>25</num>
		<bureau>SI-1C</bureau>
		<division>DTT</division>
		<id>c3ad3c31dbd711e55e41274e82ce6f97</id>
		<nom>Projet_25</nom>
	</projetRequeteDtos>
	<projetRequeteDtos>
		<num>26</num>
		<bureau>SI-1C</bureau>
		<division>DTT</division>
		<id>c3ad3c32dbd711e55d55274e82ce6f97</id>
		<nom>Projet_26</nom>
	</projetRequeteDtos>
	<projetRequeteDtos>
		<num>27</num>
		<bureau>SI-1C</bureau>
		<division>DTT</division>
		<id>c3ad3c33dbd711e54f6d274e82ce6f97</id>
		<nom>Projet_27</nom>
	</projetRequeteDtos>
	<projetRequeteDtos>
		<num>28</num>
		<bureau>SI-1C</bureau>
		<division>DTT</division>
		<id>c3ad3c34dbd711e5544a274e82ce6f97</id>
		<nom>Projet_28</nom>
	</projetRequeteDtos>
	<projetRequeteDtos>
		<num>29</num>
		<bureau>SI-1C</bureau>
		<division>DTT</division>
		<id>c3ad3c35dbd711e57fc9274e82ce6f97</id>
		<nom>Projet_29</nom>
	</projetRequeteDtos>
	<projetRequeteDtos>
		<num>30</num>
		<bureau>SI-1C</bureau>
		<division>DTT</division>
		<id>c3ad6340dbd711e56cd9274e82ce6f97</id>
		<nom>Projet_30</nom>
	</projetRequeteDtos>
	<projetRequeteDtos>
		<num>31</num>
		<bureau>SI-1C</bureau>
		<division>DTT</division>
		<id>c3ad6341dbd711e54deb274e82ce6f97</id>
		<nom>Projet_31</nom>
	</projetRequeteDtos>
	<projetRequeteDtos>
		<num>32</num>
		<bureau>SI-1C</bureau>
		<division>DTT</division>
		<id>c3ad6342dbd711e54aac274e82ce6f97</id>
		<nom>Projet_32</nom>
	</projetRequeteDtos>
	<projetRequeteDtos>
		<num>33</num>
		<bureau>SI-1C</bureau>
		<division>DTT</division>
		<id>c3ad8a50dbd711e57846274e82ce6f97</id>
		<nom>Projet_33</nom>
	</projetRequeteDtos>
	<projetRequeteDtos>
		<num>34</num>
		<bureau>SI-1C</bureau>
		<division>DTT</division>
		<id>c3ad8a51dbd711e552c0274e82ce6f97</id>
		<nom>Projet_34</nom>
	</projetRequeteDtos>
	<projetRequeteDtos>
		<num>35</num>
		<bureau>SI-1C</bureau>
		<division>DTT</division>
		<id>c3ad8a52dbd711e559c8274e82ce6f97</id>
		<nom>Projet_35</nom>
	</projetRequeteDtos>
	<projetRequeteDtos>
		<num>36</num>
		<bureau>SI-1C</bureau>
		<division>DTT</division>
		<id>c3ad8a53dbd711e56c33274e82ce6f97</id>
		<nom>Projet_36</nom>
	</projetRequeteDtos>
	<projetRequeteDtos>
		<num>37</num>
		<bureau>SI-1C</bureau>
		<division>DTT</division>
		<id>c3adb160dbd711e56dc7274e82ce6f97</id>
		<nom>Projet_37</nom>
	</projetRequeteDtos>
	<projetRequeteDtos>
		<num>38</num>
		<bureau>SI-1C</bureau>
		<division>DTT</division>
		<id>c3adb161dbd711e54396274e82ce6f97</id>
		<nom>Projet_38</nom>
	</projetRequeteDtos>
	<projetRequeteDtos>
		<num>39</num>
		<bureau>SI-1C</bureau>
		<division>DTT</division>
		<id>c3adb162dbd711e544cb274e82ce6f97</id>
		<nom>Projet_39</nom>
	</projetRequeteDtos>
	<projetRequeteDtos>
		<num>40</num>
		<bureau>SI-1C</bureau>
		<division>DTT</division>
		<id>c3adb163dbd711e57518274e82ce6f97</id>
		<nom>Projet_40</nom>
	</projetRequeteDtos>
	<projetRequeteDtos>
		<num>41</num>
		<bureau>SI-1C</bureau>
		<division>DTT</division>
		<id>c3adb164dbd711e572d4274e82ce6f97</id>
		<nom>Projet_41</nom>
	</projetRequeteDtos>
	<projetRequeteDtos>
		<num>42</num>
		<bureau>SI-1C</bureau>
		<division>DTT</division>
		<id>c3add870dbd711e561e0274e82ce6f97</id>
		<nom>Projet_42</nom>
	</projetRequeteDtos>
	<projetRequeteDtos>
		<num>43</num>
		<bureau>SI-1C</bureau>
		<division>DTT</division>
		<id>c3add871dbd711e55458274e82ce6f97</id>
		<nom>Projet_43</nom>
	</projetRequeteDtos>
	<projetRequeteDtos>
		<num>44</num>
		<bureau>SI-1C</bureau>
		<division>DTT</division>
		<id>c3add872dbd711e5511a274e82ce6f97</id>
		<nom>Projet_44</nom>
	</projetRequeteDtos>
	<projetRequeteDtos>
		<num>45</num>
		<bureau>SI-1C</bureau>
		<division>DTT</division>
		<id>c3add873dbd711e554ba274e82ce6f97</id>
		<nom>Projet_45</nom>
	</projetRequeteDtos>
	<projetRequeteDtos>
		<num>46</num>
		<bureau>SI-1C</bureau>
		<division>DTT</division>
		<id>c3add874dbd711e5695b274e82ce6f97</id>
		<nom>Projet_46</nom>
	</projetRequeteDtos>
	<projetRequeteDtos>
		<num>47</num>
		<bureau>SI-1C</bureau>
		<division>DTT</division>
		<id>c3adff80dbd711e5543e274e82ce6f97</id>
		<nom>Projet_47</nom>
	</projetRequeteDtos>
	<projetRequeteDtos>
		<num>48</num>
		<bureau>SI-1C</bureau>
		<division>DTT</division>
		<id>c3adff81dbd711e57f37274e82ce6f97</id>
		<nom>Projet_48</nom>
	</projetRequeteDtos>
	<projetRequeteDtos>
		<num>49</num>
		<bureau>SI-1C</bureau>
		<division>DTT</division>
		<id>c3adff82dbd711e5659a274e82ce6f97</id>
		<nom>Projet_49</nom>
	</projetRequeteDtos>
	<projetRequeteDtos>
		<num>50</num>
		<bureau>SI-1C</bureau>
		<division>DTT</division>
		<id>c3adff83dbd711e563bd274e82ce6f97</id>
		<nom>Projet_50</nom>
	</projetRequeteDtos>
	<projetRequeteDtos>
		<num>51</num>
		<bureau>SI-1C</bureau>
		<division>DTT</division>
		<id>c3adff84dbd711e57502274e82ce6f97</id>
		<nom>Projet_51</nom>
	</projetRequeteDtos>
	<projetRequeteDtos>
		<num>52</num>
		<bureau>SI-1C</bureau>
		<division>DTT</division>
		<id>c3ae2690dbd711e54634274e82ce6f97</id>
		<nom>Projet_52</nom>
	</projetRequeteDtos>
	<projetRequeteDtos>
		<num>53</num>
		<bureau>SI-1C</bureau>
		<division>DTT</division>
		<id>c3ae2691dbd711e54705274e82ce6f97</id>
		<nom>Projet_53</nom>
	</projetRequeteDtos>
	<projetRequeteDtos>
		<num>54</num>
		<bureau>SI-1C</bureau>
		<division>DTT</division>
		<id>c3ae2692dbd711e557c9274e82ce6f97</id>
		<nom>Projet_54</nom>
	</projetRequeteDtos>
	<projetRequeteDtos>
		<num>55</num>
		<bureau>SI-1C</bureau>
		<division>DTT</division>
		<id>c3ae4da0dbd711e573d6274e82ce6f97</id>
		<nom>Projet_55</nom>
	</projetRequeteDtos>
	<projetRequeteDtos>
		<num>56</num>
		<bureau>SI-1C</bureau>
		<division>DTT</division>
		<id>c3ae4da1dbd711e54e64274e82ce6f97</id>
		<nom>Projet_56</nom>
	</projetRequeteDtos>
	<projetRequeteDtos>
		<num>57</num>
		<bureau>SI-1C</bureau>
		<division>DTT</division>
		<id>c3ae4da2dbd711e5715f274e82ce6f97</id>
		<nom>Projet_57</nom>
	</projetRequeteDtos>
	<projetRequeteDtos>
		<num>58</num>
		<bureau>SI-1C</bureau>
		<division>DTT</division>
		<id>c3ae4da3dbd711e54f10274e82ce6f97</id>
		<nom>Projet_58</nom>
	</projetRequeteDtos>
	<projetRequeteDtos>
		<num>59</num>
		<bureau>SI-1C</bureau>
		<division>DTT</division>
		<id>c3ae4da4dbd711e56409274e82ce6f97</id>
		<nom>Projet_59</nom>
	</projetRequeteDtos>
	<projetRequeteDtos>
		<num>60</num>
		<bureau>SI-1C</bureau>
		<division>DTT</division>
		<id>c3ae74b0dbd711e56a9b274e82ce6f97</id>
		<nom>Projet_60</nom>
	</projetRequeteDtos>
	<projetRequeteDtos>
		<num>61</num>
		<bureau>SI-1C</bureau>
		<division>DTT</division>
		<id>c3ae74b1dbd711e55f0c274e82ce6f97</id>
		<nom>Projet_61</nom>
	</projetRequeteDtos>
	<projetRequeteDtos>
		<num>62</num>
		<bureau>SI-1C</bureau>
		<division>DTT</division>
		<id>c3ae74b2dbd711e551ba274e82ce6f97</id>
		<nom>Projet_62</nom>
	</projetRequeteDtos>
	<projetRequeteDtos>
		<num>63</num>
		<bureau>SI-1C</bureau>
		<division>DTT</division>
		<id>c3ae74b3dbd711e550f0274e82ce6f97</id>
		<nom>Projet_63</nom>
	</projetRequeteDtos>
	<projetRequeteDtos>
		<num>64</num>
		<bureau>SI-1C</bureau>
		<division>DTT</division>
		<id>c3ae74b4dbd711e57bb8274e82ce6f97</id>
		<nom>Projet_64</nom>
	</projetRequeteDtos>
	<projetRequeteDtos>
		<num>65</num>
		<bureau>SI-1C</bureau>
		<division>DTT</division>
		<id>c3b04970dbd711e575a3274e82ce6f97</id>
		<nom>Projet_65</nom>
	</projetRequeteDtos>
	<projetRequeteDtos>
		<num>66</num>
		<bureau>SI-1C</bureau>
		<division>DTT</division>
		<id>c3b04971dbd711e54d90274e82ce6f97</id>
		<nom>Projet_66</nom>
	</projetRequeteDtos>
	<projetRequeteDtos>
		<num>67</num>
		<bureau>SI-1C</bureau>
		<division>DTT</division>
		<id>c3b04972dbd711e541c4274e82ce6f97</id>
		<nom>Projet_67</nom>
	</projetRequeteDtos>
	<projetRequeteDtos>
		<num>68</num>
		<bureau>SI-1C</bureau>
		<division>DTT</division>
		<id>c3b04973dbd711e55d60274e82ce6f97</id>
		<nom>Projet_68</nom>
	</projetRequeteDtos>
	<projetRequeteDtos>
		<num>69</num>
		<bureau>SI-1C</bureau>
		<division>DTT</division>
		<id>c3b04974dbd711e57ee5274e82ce6f97</id>
		<nom>Projet_69</nom>
	</projetRequeteDtos>
	<projetRequeteDtos>
		<num>70</num>
		<bureau>SI-1C</bureau>
		<division>DTT</division>
		<id>c3b07080dbd711e576fe274e82ce6f97</id>
		<nom>Projet_70</nom>
	</projetRequeteDtos>
	<projetRequeteDtos>
		<num>71</num>
		<bureau>SI-1C</bureau>
		<division>DTT</division>
		<id>c3b07081dbd711e5667c274e82ce6f97</id>
		<nom>Projet_71</nom>
	</projetRequeteDtos>
	<projetRequeteDtos>
		<num>72</num>
		<bureau>SI-1C</bureau>
		<division>DTT</division>
		<id>c3b07082dbd711e5798b274e82ce6f97</id>
		<nom>Projet_72</nom>
	</projetRequeteDtos>
	<projetRequeteDtos>
		<num>73</num>
		<bureau>SI-1C</bureau>
		<division>DTT</division>
		<id>c3b07083dbd711e56f1b274e82ce6f97</id>
		<nom>Projet_73</nom>
	</projetRequeteDtos>
	<projetRequeteDtos>
		<num>74</num>
		<bureau>SI-1C</bureau>
		<division>DTT</division>
		<id>c3b07084dbd711e567ab274e82ce6f97</id>
		<nom>Projet_74</nom>
	</projetRequeteDtos>
	<projetRequeteDtos>
		<num>75</num>
		<bureau>SI-1C</bureau>
		<division>DTT</division>
		<id>c3b09790dbd711e57e8a274e82ce6f97</id>
		<nom>Projet_75</nom>
	</projetRequeteDtos>
	<projetRequeteDtos>
		<num>76</num>
		<bureau>SI-1C</bureau>
		<division>DTT</division>
		<id>c3b09791dbd711e54bd8274e82ce6f97</id>
		<nom>Projet_76</nom>
	</projetRequeteDtos>
	<projetRequeteDtos>
		<num>77</num>
		<bureau>SI-1C</bureau>
		<division>DTT</division>
		<id>c3b09792dbd711e5424f274e82ce6f97</id>
		<nom>Projet_77</nom>
	</projetRequeteDtos>
	<projetRequeteDtos>
		<num>78</num>
		<bureau>SI-1C</bureau>
		<division>DTT</division>
		<id>c3b09793dbd711e576cd274e82ce6f97</id>
		<nom>Projet_78</nom>
	</projetRequeteDtos>
	<projetRequeteDtos>
		<num>79</num>
		<bureau>SI-1C</bureau>
		<division>DTT</division>
		<id>c3b09794dbd711e56b26274e82ce6f97</id>
		<nom>Projet_79</nom>
	</projetRequeteDtos>
	<projetRequeteDtos>
		<num>80</num>
		<bureau>SI-1C</bureau>
		<division>DTT</division>
		<id>c3b09795dbd711e5558a274e82ce6f97</id>
		<nom>Projet_80</nom>
	</projetRequeteDtos>
	<projetRequeteDtos>
		<num>81</num>
		<bureau>SI-1C</bureau>
		<division>DTT</division>
		<id>c3b0bea0dbd711e54527274e82ce6f97</id>
		<nom>Projet_81</nom>
	</projetRequeteDtos>
	<projetRequeteDtos>
		<num>82</num>
		<bureau>SI-1C</bureau>
		<division>DTT</division>
		<id>c3b0bea1dbd711e5711b274e82ce6f97</id>
		<nom>Projet_82</nom>
	</projetRequeteDtos>
	<projetRequeteDtos>
		<num>83</num>
		<bureau>SI-1C</bureau>
		<division>DTT</division>
		<id>c3b0bea2dbd711e54dc4274e82ce6f97</id>
		<nom>Projet_83</nom>
	</projetRequeteDtos>
	<projetRequeteDtos>
		<num>84</num>
		<bureau>SI-1C</bureau>
		<division>DTT</division>
		<id>c3b0bea3dbd711e556ac274e82ce6f97</id>
		<nom>Projet_84</nom>
	</projetRequeteDtos>
	<projetRequeteDtos>
		<num>85</num>
		<bureau>SI-1C</bureau>
		<division>DTT</division>
		<id>c3b0bea4dbd711e54540274e82ce6f97</id>
		<nom>Projet_85</nom>
	</projetRequeteDtos>
	<projetRequeteDtos>
		<num>86</num>
		<bureau>SI-1C</bureau>
		<division>DTT</division>
		<id>c3b0e5b0dbd711e551ae274e82ce6f97</id>
		<nom>Projet_86</nom>
	</projetRequeteDtos>
	<projetRequeteDtos>
		<num>87</num>
		<bureau>SI-1C</bureau>
		<division>DTT</division>
		<id>c3b0e5b1dbd711e55cf9274e82ce6f97</id>
		<nom>Projet_87</nom>
	</projetRequeteDtos>
	<projetRequeteDtos>
		<num>88</num>
		<bureau>SI-1C</bureau>
		<division>DTT</division>
		<id>c3b0e5b2dbd711e558f9274e82ce6f97</id>
		<nom>Projet_88</nom>
	</projetRequeteDtos>
	<projetRequeteDtos>
		<num>89</num>
		<bureau>SI-1C</bureau>
		<division>DTT</division>
		<id>c3b0e5b3dbd711e56178274e82ce6f97</id>
		<nom>Projet_89</nom>
	</projetRequeteDtos>
	<projetRequeteDtos>
		<num>90</num>
		<bureau>SI-1C</bureau>
		<division>DTT</division>
		<id>c3b0e5b4dbd711e54ecb274e82ce6f97</id>
		<nom>Projet_90</nom>
	</projetRequeteDtos>
	<projetRequeteDtos>
		<num>91</num>
		<bureau>SI-1C</bureau>
		<division>DTT</division>
		<id>c3b0e5b5dbd711e54e89274e82ce6f97</id>
		<nom>Projet_91</nom>
	</projetRequeteDtos>
	<projetRequeteDtos>
		<num>92</num>
		<bureau>SI-1C</bureau>
		<division>DTT</division>
		<id>c3b10cc0dbd711e54198274e82ce6f97</id>
		<nom>Projet_92</nom>
	</projetRequeteDtos>
	<projetRequeteDtos>
		<num>93</num>
		<bureau>SI-1C</bureau>
		<division>DTT</division>
		<id>c3b10cc1dbd711e5500d274e82ce6f97</id>
		<nom>Projet_93</nom>
	</projetRequeteDtos>
	<projetRequeteDtos>
		<num>94</num>
		<bureau>SI-1C</bureau>
		<division>DTT</division>
		<id>c3b10cc2dbd711e55ea7274e82ce6f97</id>
		<nom>Projet_94</nom>
	</projetRequeteDtos>
	<projetRequeteDtos>
		<num>95</num>
		<bureau>SI-1C</bureau>
		<division>DTT</division>
		<id>c3b10cc3dbd711e56a91274e82ce6f97</id>
		<nom>Projet_95</nom>
	</projetRequeteDtos>
	<projetRequeteDtos>
		<num>96</num>
		<bureau>SI-1C</bureau>
		<division>DTT</division>
		<id>c3b15ae0dbd711e56f47274e82ce6f97</id>
		<nom>Projet_96</nom>
	</projetRequeteDtos>
	<projetRequeteDtos>
		<num>97</num>
		<bureau>SI-1C</bureau>
		<division>DTT</division>
		<id>c3b15ae1dbd711e54585274e82ce6f97</id>
		<nom>Projet_97</nom>
	</projetRequeteDtos>
	<projetRequeteDtos>
		<num>98</num>
		<bureau>SI-1C</bureau>
		<division>DTT</division>
		<id>c3b15ae2dbd711e57a0c274e82ce6f97</id>
		<nom>Projet_98</nom>
	</projetRequeteDtos>
	<projetRequeteDtos>
		<num>99</num>
		<bureau>SI-1C</bureau>
		<division>DTT</division>
		<id>c3b15ae3dbd711e56d76274e82ce6f97</id>
		<nom>Projet_99</nom>
	</projetRequeteDtos>
	<projetRequeteDtos>
		<num>100</num>
		<bureau>SI-1C</bureau>
		<division>DTT</division>
		<id>c3b181f0dbd711e55f3d274e82ce6f97</id>
		<nom>Projet_100</nom>
	</projetRequeteDtos>
	<projetRequeteDtos>
		<num>101</num>
		<bureau>SI-1C</bureau>
		<division>DTT</division>
		<id>c3b181f1dbd711e54639274e82ce6f97</id>
		<nom>Projet_101</nom>
	</projetRequeteDtos>
	<projetRequeteDtos>
		<num>102</num>
		<bureau>SI-1C</bureau>
		<division>DTT</division>
		<id>c3b181f2dbd711e57727274e82ce6f97</id>
		<nom>Projet_102</nom>
	</projetRequeteDtos>
	<projetRequeteDtos>
		<num>103</num>
		<bureau>SI-1C</bureau>
		<division>DTT</division>
		<id>c3b181f3dbd711e56808274e82ce6f97</id>
		<nom>Projet_103</nom>
	</projetRequeteDtos>
	<projetRequeteDtos>
		<num>104</num>
		<bureau>SI-1C</bureau>
		<division>DTT</division>
		<id>c3b181f4dbd711e55da8274e82ce6f97</id>
		<nom>Projet_104</nom>
	</projetRequeteDtos>
	<projetRequeteDtos>
		<num>105</num>
		<bureau>SI-1C</bureau>
		<division>DTT</division>
		<id>c3b181f5dbd711e56cb7274e82ce6f97</id>
		<nom>Projet_105</nom>
	</projetRequeteDtos>
	<projetRequeteDtos>
		<num>106</num>
		<bureau>SI-1C</bureau>
		<division>DTT</division>
		<id>c3b1a900dbd711e543d7274e82ce6f97</id>
		<nom>Projet_106</nom>
	</projetRequeteDtos>
	<projetRequeteDtos>
		<num>107</num>
		<bureau>SI-1C</bureau>
		<division>DTT</division>
		<id>c3b1a901dbd711e55083274e82ce6f97</id>
		<nom>Projet_107</nom>
	</projetRequeteDtos>
	<projetRequeteDtos>
		<num>108</num>
		<bureau>SI-1C</bureau>
		<division>DTT</division>
		<id>c3b1a902dbd711e551fa274e82ce6f97</id>
		<nom>Projet_108</nom>
	</projetRequeteDtos>
	<projetRequeteDtos>
		<num>109</num>
		<bureau>SI-1C</bureau>
		<division>DTT</division>
		<id>c3b1a903dbd711e56aee274e82ce6f97</id>
		<nom>Projet_109</nom>
	</projetRequeteDtos>
	<projetRequeteDtos>
		<num>110</num>
		<bureau>SI-1C</bureau>
		<division>DTT</division>
		<id>c3b1a904dbd711e547e8274e82ce6f97</id>
		<nom>Projet_110</nom>
	</projetRequeteDtos>
	<projetRequeteDtos>
		<num>111</num>
		<bureau>SI-1C</bureau>
		<division>DTT</division>
		<id>c3b1a905dbd711e54f50274e82ce6f97</id>
		<nom>Projet_111</nom>
	</projetRequeteDtos>
	<projetRequeteDtos>
		<num>112</num>
		<bureau>SI-1C</bureau>
		<division>DTT</division>
		<id>c3b1d010dbd711e55d07274e82ce6f97</id>
		<nom>Projet_112</nom>
	</projetRequeteDtos>
	<projetRequeteDtos>
		<num>113</num>
		<bureau>SI-1C</bureau>
		<division>DTT</division>
		<id>c3b1d011dbd711e57b53274e82ce6f97</id>
		<nom>Projet_113</nom>
	</projetRequeteDtos>
	<projetRequeteDtos>
		<num>114</num>
		<bureau>SI-1C</bureau>
		<division>DTT</division>
		<id>c3b1d012dbd711e5788e274e82ce6f97</id>
		<nom>Projet_114</nom>
	</projetRequeteDtos>
	<projetRequeteDtos>
		<num>115</num>
		<bureau>SI-1C</bureau>
		<division>DTT</division>
		<id>c3b1d013dbd711e563be274e82ce6f97</id>
		<nom>Projet_115</nom>
	</projetRequeteDtos>
	<projetRequeteDtos>
		<num>116</num>
		<bureau>SI-1C</bureau>
		<division>DTT</division>
		<id>c3b1d014dbd711e543f2274e82ce6f97</id>
		<nom>Projet_116</nom>
	</projetRequeteDtos>
	<projetRequeteDtos>
		<num>117</num>
		<bureau>SI-1C</bureau>
		<division>DTT</division>
		<id>c3b1f720dbd711e574b8274e82ce6f97</id>
		<nom>Projet_117</nom>
	</projetRequeteDtos>
	<projetRequeteDtos>
		<num>118</num>
		<bureau>SI-1C</bureau>
		<division>DTT</division>
		<id>c3b1f721dbd711e5746f274e82ce6f97</id>
		<nom>Projet_118</nom>
	</projetRequeteDtos>
	<projetRequeteDtos>
		<num>119</num>
		<bureau>SI-1C</bureau>
		<division>DTT</division>
		<id>c3b1f722dbd711e55180274e82ce6f97</id>
		<nom>Projet_119</nom>
	</projetRequeteDtos>
	<projetRequeteDtos>
		<num>120</num>
		<bureau>SI-1C</bureau>
		<division>DTT</division>
		<id>c3b1f723dbd711e54e6d274e82ce6f97</id>
		<nom>Projet_120</nom>
	</projetRequeteDtos>
	<projetRequeteDtos>
		<num>121</num>
		<bureau>SI-1C</bureau>
		<division>DTT</division>
		<id>c3b1f724dbd711e56918274e82ce6f97</id>
		<nom>Projet_121</nom>
	</projetRequeteDtos>
	<projetRequeteDtos>
		<num>122</num>
		<bureau>SI-1C</bureau>
		<division>DTT</division>
		<id>c3b1f725dbd711e56a5e274e82ce6f97</id>
		<nom>Projet_122</nom>
	</projetRequeteDtos>
	<projetRequeteDtos>
		<num>123</num>
		<bureau>SI-1C</bureau>
		<division>DTT</division>
		<id>c3b21e30dbd711e573c3274e82ce6f97</id>
		<nom>Projet_123</nom>
	</projetRequeteDtos>
	<projetRequeteDtos>
		<num>124</num>
		<bureau>SI-1C</bureau>
		<division>DTT</division>
		<id>c3b21e31dbd711e57727274e82ce6f97</id>
		<nom>Projet_124</nom>
	</projetRequeteDtos>
	<projetRequeteDtos>
		<num>125</num>
		<bureau>SI-1C</bureau>
		<division>DTT</division>
		<id>c3b21e32dbd711e5524f274e82ce6f97</id>
		<nom>Projet_125</nom>
	</projetRequeteDtos>
	<projetRequeteDtos>
		<num>126</num>
		<bureau>SI-1C</bureau>
		<division>DTT</division>
		<id>c3b21e33dbd711e56b02274e82ce6f97</id>
		<nom>Projet_126</nom>
	</projetRequeteDtos>
	<projetRequeteDtos>
		<num>127</num>
		<bureau>SI-1C</bureau>
		<division>DTT</division>
		<id>c3b21e34dbd711e5574a274e82ce6f97</id>
		<nom>Projet_127</nom>
	</projetRequeteDtos>
	<projetRequeteDtos>
		<num>128</num>
		<bureau>SI-1C</bureau>
		<division>DTT</division>
		<id>c3b24540dbd711e54caf274e82ce6f97</id>
		<nom>Projet_128</nom>
	</projetRequeteDtos>
	<projetRequeteDtos>
		<num>129</num>
		<bureau>SI-1C</bureau>
		<division>DTT</division>
		<id>c3b24541dbd711e54b41274e82ce6f97</id>
		<nom>Projet_129</nom>
	</projetRequeteDtos>
	<projetRequeteDtos>
		<num>130</num>
		<bureau>SI-1C</bureau>
		<division>DTT</division>
		<id>c3b24542dbd711e557ff274e82ce6f97</id>
		<nom>Projet_130</nom>
	</projetRequeteDtos>
	<projetRequeteDtos>
		<num>131</num>
		<bureau>SI-1C</bureau>
		<division>DTT</division>
		<id>c3b29360dbd711e54160274e82ce6f97</id>
		<nom>Projet_131</nom>
	</projetRequeteDtos>
	<projetRequeteDtos>
		<num>132</num>
		<bureau>SI-1C</bureau>
		<division>DTT</division>
		<id>c3b2ba70dbd711e563c0274e82ce6f97</id>
		<nom>Projet_132</nom>
	</projetRequeteDtos>
	<projetRequeteDtos>
		<num>133</num>
		<bureau>SI-1C</bureau>
		<division>DTT</division>
		<id>c3b2ba71dbd711e5697a274e82ce6f97</id>
		<nom>Projet_133</nom>
	</projetRequeteDtos>
	<projetRequeteDtos>
		<num>134</num>
		<bureau>SI-1C</bureau>
		<division>DTT</division>
		<id>c3b2ba72dbd711e57966274e82ce6f97</id>
		<nom>Projet_134</nom>
	</projetRequeteDtos>
	<projetRequeteDtos>
		<num>135</num>
		<bureau>SI-1C</bureau>
		<division>DTT</division>
		<id>c3b2ba73dbd711e57c8c274e82ce6f97</id>
		<nom>Projet_135</nom>
	</projetRequeteDtos>
	<projetRequeteDtos>
		<num>136</num>
		<bureau>SI-1C</bureau>
		<division>DTT</division>
		<id>c3b2ba74dbd711e543d5274e82ce6f97</id>
		<nom>Projet_136</nom>
	</projetRequeteDtos>
	<projetRequeteDtos>
		<num>137</num>
		<bureau>SI-1C</bureau>
		<division>DTT</division>
		<id>c3b2e180dbd711e566fe274e82ce6f97</id>
		<nom>Projet_137</nom>
	</projetRequeteDtos>
	<projetRequeteDtos>
		<num>138</num>
		<bureau>SI-1C</bureau>
		<division>DTT</division>
		<id>c3b2e181dbd711e57a28274e82ce6f97</id>
		<nom>Projet_138</nom>
	</projetRequeteDtos>
	<projetRequeteDtos>
		<num>139</num>
		<bureau>SI-1C</bureau>
		<division>DTT</division>
		<id>c3b2e182dbd711e5561e274e82ce6f97</id>
		<nom>Projet_139</nom>
	</projetRequeteDtos>
	<projetRequeteDtos>
		<num>140</num>
		<bureau>SI-1C</bureau>
		<division>DTT</division>
		<id>c3b2e183dbd711e55afc274e82ce6f97</id>
		<nom>Projet_140</nom>
	</projetRequeteDtos>
	<projetRequeteDtos>
		<num>141</num>
		<bureau>SI-1C</bureau>
		<division>DTT</division>
		<id>c3b2e184dbd711e54fec274e82ce6f97</id>
		<nom>Projet_141</nom>
	</projetRequeteDtos>
	<projetRequeteDtos>
		<num>142</num>
		<bureau>SI-1C</bureau>
		<division>DTT</division>
		<id>c3b30890dbd711e56904274e82ce6f97</id>
		<nom>Projet_142</nom>
	</projetRequeteDtos>
	<projetRequeteDtos>
		<num>143</num>
		<bureau>SI-1C</bureau>
		<division>DTT</division>
		<id>c3b30891dbd711e57614274e82ce6f97</id>
		<nom>Projet_143</nom>
	</projetRequeteDtos>
	<projetRequeteDtos>
		<num>144</num>
		<bureau>SI-1C</bureau>
		<division>DTT</division>
		<id>c3b30892dbd711e55b42274e82ce6f97</id>
		<nom>Projet_144</nom>
	</projetRequeteDtos>
	<projetRequeteDtos>
		<num>145</num>
		<bureau>SI-1C</bureau>
		<division>DTT</division>
		<id>c3b30893dbd711e54178274e82ce6f97</id>
		<nom>Projet_145</nom>
	</projetRequeteDtos>
	<projetRequeteDtos>
		<num>146</num>
		<bureau>SI-1C</bureau>
		<division>DTT</division>
		<id>c3b30894dbd711e57e4b274e82ce6f97</id>
		<nom>Projet_146</nom>
	</projetRequeteDtos>
	<projetRequeteDtos>
		<num>147</num>
		<bureau>SI-1C</bureau>
		<division>DTT</division>
		<id>c3b356b0dbd711e554f2274e82ce6f97</id>
		<nom>Projet_147</nom>
	</projetRequeteDtos>
	<projetRequeteDtos>
		<num>148</num>
		<bureau>SI-1C</bureau>
		<division>DTT</division>
		<id>c3b37dc0dbd711e573e7274e82ce6f97</id>
		<nom>Projet_148</nom>
	</projetRequeteDtos>
	<projetRequeteDtos>
		<num>149</num>
		<bureau>SI-1C</bureau>
		<division>DTT</division>
		<id>c3b37dc1dbd711e54f69274e82ce6f97</id>
		<nom>Projet_149</nom>
	</projetRequeteDtos>
	<projetRequeteDtos>
		<num>150</num>
		<bureau>SI-1C</bureau>
		<division>DTT</division>
		<id>c3b37dc2dbd711e54133274e82ce6f97</id>
		<nom>Projet_150</nom>
	</projetRequeteDtos>
	<projetRequeteDtos>
		<num>151</num>
		<bureau>SI-1C</bureau>
		<division>DTT</division>
		<id>c3b37dc3dbd711e5538e274e82ce6f97</id>
		<nom>Projet_151</nom>
	</projetRequeteDtos>
	<projetRequeteDtos>
		<num>152</num>
		<bureau>SI-1C</bureau>
		<division>DTT</division>
		<id>c3b37dc4dbd711e54a9e274e82ce6f97</id>
		<nom>Projet_152</nom>
	</projetRequeteDtos>
	<projetRequeteDtos>
		<num>153</num>
		<bureau>SI-1C</bureau>
		<division>DTT</division>
		<id>c3b37dc5dbd711e549fa274e82ce6f97</id>
		<nom>Projet_153</nom>
	</projetRequeteDtos>
	<projetRequeteDtos>
		<num>154</num>
		<bureau>SI-1C</bureau>
		<division>DTT</division>
		<id>c3b3a4d0dbd711e56976274e82ce6f97</id>
		<nom>Projet_154</nom>
	</projetRequeteDtos>
	<projetRequeteDtos>
		<num>155</num>
		<bureau>SI-1C</bureau>
		<division>DTT</division>
		<id>c3b3a4d1dbd711e54fea274e82ce6f97</id>
		<nom>Projet_155</nom>
	</projetRequeteDtos>
	<projetRequeteDtos>
		<num>156</num>
		<bureau>SI-1C</bureau>
		<division>DTT</division>
		<id>c3b3a4d2dbd711e54c05274e82ce6f97</id>
		<nom>Projet_156</nom>
	</projetRequeteDtos>
	<projetRequeteDtos>
		<num>157</num>
		<bureau>SI-1C</bureau>
		<division>DTT</division>
		<id>c3b3a4d3dbd711e56a82274e82ce6f97</id>
		<nom>Projet_157</nom>
	</projetRequeteDtos>
	<projetRequeteDtos>
		<num>158</num>
		<bureau>SI-1C</bureau>
		<division>DTT</division>
		<id>c3b3a4d4dbd711e54c9a274e82ce6f97</id>
		<nom>Projet_158</nom>
	</projetRequeteDtos>
	<projetRequeteDtos>
		<num>159</num>
		<bureau>SI-1C</bureau>
		<division>DTT</division>
		<id>c3b3a4d5dbd711e541af274e82ce6f97</id>
		<nom>Projet_159</nom>
	</projetRequeteDtos>
	<projetRequeteDtos>
		<num>160</num>
		<bureau>SI-1C</bureau>
		<division>DTT</division>
		<id>c3b3cbe0dbd711e5459e274e82ce6f97</id>
		<nom>Projet_160</nom>
	</projetRequeteDtos>
	<projetRequeteDtos>
		<num>161</num>
		<bureau>SI-1C</bureau>
		<division>DTT</division>
		<id>c3b3cbe1dbd711e569ff274e82ce6f97</id>
		<nom>Projet_161</nom>
	</projetRequeteDtos>
	<projetRequeteDtos>
		<num>162</num>
		<bureau>SI-1C</bureau>
		<division>DTT</division>
		<id>c3b3cbe2dbd711e57bb7274e82ce6f97</id>
		<nom>Projet_162</nom>
	</projetRequeteDtos>
	<projetRequeteDtos>
		<num>163</num>
		<bureau>SI-1C</bureau>
		<division>DTT</division>
		<id>c3b3cbe3dbd711e57736274e82ce6f97</id>
		<nom>Projet_163</nom>
	</projetRequeteDtos>
	<projetRequeteDtos>
		<num>164</num>
		<bureau>SI-1C</bureau>
		<division>DTT</division>
		<id>c3b3f2f0dbd711e541f4274e82ce6f97</id>
		<nom>Projet_164</nom>
	</projetRequeteDtos>
	<projetRequeteDtos>
		<num>165</num>
		<bureau>SI-1C</bureau>
		<division>DTT</division>
		<id>c3b57990dbd711e572d3274e82ce6f97</id>
		<nom>Projet_165</nom>
	</projetRequeteDtos>
	<projetRequeteDtos>
		<num>166</num>
		<bureau>SI-1C</bureau>
		<division>DTT</division>
		<id>c3b57991dbd711e56e06274e82ce6f97</id>
		<nom>Projet_166</nom>
	</projetRequeteDtos>
	<projetRequeteDtos>
		<num>167</num>
		<bureau>SI-1C</bureau>
		<division>DTT</division>
		<id>c3b57992dbd711e55f4d274e82ce6f97</id>
		<nom>Projet_167</nom>
	</projetRequeteDtos>
	<projetRequeteDtos>
		<num>168</num>
		<bureau>SI-1C</bureau>
		<division>DTT</division>
		<id>c3b5a0a0dbd711e54b21274e82ce6f97</id>
		<nom>Projet_168</nom>
	</projetRequeteDtos>
	<projetRequeteDtos>
		<num>169</num>
		<bureau>SI-1C</bureau>
		<division>DTT</division>
		<id>c3b5a0a1dbd711e56692274e82ce6f97</id>
		<nom>Projet_169</nom>
	</projetRequeteDtos>
	<projetRequeteDtos>
		<num>170</num>
		<bureau>SI-1C</bureau>
		<division>DTT</division>
		<id>c3b5a0a2dbd711e54d99274e82ce6f97</id>
		<nom>Projet_170</nom>
	</projetRequeteDtos>
	<projetRequeteDtos>
		<num>171</num>
		<bureau>SI-1C</bureau>
		<division>DTT</division>
		<id>c3b5a0a3dbd711e5669d274e82ce6f97</id>
		<nom>Projet_171</nom>
	</projetRequeteDtos>
	<projetRequeteDtos>
		<num>172</num>
		<bureau>SI-1C</bureau>
		<division>DTT</division>
		<id>c3b5a0a4dbd711e56de6274e82ce6f97</id>
		<nom>Projet_172</nom>
	</projetRequeteDtos>
	<projetRequeteDtos>
		<num>173</num>
		<bureau>SI-1C</bureau>
		<division>DTT</division>
		<id>c3b5c7b0dbd711e559aa274e82ce6f97</id>
		<nom>Projet_173</nom>
	</projetRequeteDtos>
	<projetRequeteDtos>
		<num>174</num>
		<bureau>SI-1C</bureau>
		<division>DTT</division>
		<id>c3b5c7b1dbd711e5451e274e82ce6f97</id>
		<nom>Projet_174</nom>
	</projetRequeteDtos>
	<projetRequeteDtos>
		<num>175</num>
		<bureau>SI-1C</bureau>
		<division>DTT</division>
		<id>c3b5c7b2dbd711e57b71274e82ce6f97</id>
		<nom>Projet_175</nom>
	</projetRequeteDtos>
	<projetRequeteDtos>
		<num>176</num>
		<bureau>SI-1C</bureau>
		<division>DTT</division>
		<id>c3b5c7b3dbd711e56296274e82ce6f97</id>
		<nom>Projet_176</nom>
	</projetRequeteDtos>
	<projetRequeteDtos>
		<num>177</num>
		<bureau>SI-1C</bureau>
		<division>DTT</division>
		<id>c3b5c7b4dbd711e5701a274e82ce6f97</id>
		<nom>Projet_177</nom>
	</projetRequeteDtos>
	<projetRequeteDtos>
		<num>178</num>
		<bureau>SI-1C</bureau>
		<division>DTT</division>
		<id>c3b5c7b5dbd711e54e6d274e82ce6f97</id>
		<nom>Projet_178</nom>
	</projetRequeteDtos>
	<projetRequeteDtos>
		<num>179</num>
		<bureau>SI-1C</bureau>
		<division>DTT</division>
		<id>c3b5eec0dbd711e55881274e82ce6f97</id>
		<nom>Projet_179</nom>
	</projetRequeteDtos>
	<projetRequeteDtos>
		<num>180</num>
		<bureau>SI-1C</bureau>
		<division>DTT</division>
		<id>c3b5eec1dbd711e54a32274e82ce6f97</id>
		<nom>Projet_180</nom>
	</projetRequeteDtos>
	<projetRequeteDtos>
		<num>181</num>
		<bureau>SI-1C</bureau>
		<division>DTT</division>
		<id>c3b5eec2dbd711e5534c274e82ce6f97</id>
		<nom>Projet_181</nom>
	</projetRequeteDtos>
	<projetRequeteDtos>
		<num>182</num>
		<bureau>SI-1C</bureau>
		<division>DTT</division>
		<id>c3b5eec3dbd711e55756274e82ce6f97</id>
		<nom>Projet_182</nom>
	</projetRequeteDtos>
	<projetRequeteDtos>
		<num>183</num>
		<bureau>SI-1C</bureau>
		<division>DTT</division>
		<id>c3b5eec4dbd711e54fdd274e82ce6f97</id>
		<nom>Projet_183</nom>
	</projetRequeteDtos>
	<projetRequeteDtos>
		<num>184</num>
		<bureau>SI-1C</bureau>
		<division>DTT</division>
		<id>c3b5eec5dbd711e542f9274e82ce6f97</id>
		<nom>Projet_184</nom>
	</projetRequeteDtos>
	<projetRequeteDtos>
		<num>185</num>
		<bureau>SI-1C</bureau>
		<division>DTT</division>
		<id>c3b615d0dbd711e56931274e82ce6f97</id>
		<nom>Projet_185</nom>
	</projetRequeteDtos>
	<projetRequeteDtos>
		<num>186</num>
		<bureau>SI-1C</bureau>
		<division>DTT</division>
		<id>c3b615d1dbd711e54743274e82ce6f97</id>
		<nom>Projet_186</nom>
	</projetRequeteDtos>
	<projetRequeteDtos>
		<num>187</num>
		<bureau>SI-1C</bureau>
		<division>DTT</division>
		<id>c3b615d2dbd711e57598274e82ce6f97</id>
		<nom>Projet_187</nom>
	</projetRequeteDtos>
	<projetRequeteDtos>
		<num>188</num>
		<bureau>SI-1C</bureau>
		<division>DTT</division>
		<id>c3b615d3dbd711e5445f274e82ce6f97</id>
		<nom>Projet_188</nom>
	</projetRequeteDtos>
	<projetRequeteDtos>
		<num>189</num>
		<bureau>SI-1C</bureau>
		<division>DTT</division>
		<id>c3b615d4dbd711e57e91274e82ce6f97</id>
		<nom>Projet_189</nom>
	</projetRequeteDtos>
	<projetRequeteDtos>
		<num>190</num>
		<bureau>SI-1C</bureau>
		<division>DTT</division>
		<id>c3b615d5dbd711e56346274e82ce6f97</id>
		<nom>Projet_190</nom>
	</projetRequeteDtos>
	<projetRequeteDtos>
		<num>191</num>
		<bureau>SI-1C</bureau>
		<division>DTT</division>
		<id>c3b63ce0dbd711e5491f274e82ce6f97</id>
		<nom>Projet_191</nom>
	</projetRequeteDtos>
	<projetRequeteDtos>
		<num>192</num>
		<bureau>SI-1C</bureau>
		<division>DTT</division>
		<id>c3b63ce1dbd711e547db274e82ce6f97</id>
		<nom>Projet_192</nom>
	</projetRequeteDtos>
	<projetRequeteDtos>
		<num>193</num>
		<bureau>SI-1C</bureau>
		<division>DTT</division>
		<id>c3b63ce2dbd711e56c0b274e82ce6f97</id>
		<nom>Projet_193</nom>
	</projetRequeteDtos>
	<projetRequeteDtos>
		<num>194</num>
		<bureau>SI-1C</bureau>
		<division>DTT</division>
		<id>c3b63ce3dbd711e57ef4274e82ce6f97</id>
		<nom>Projet_194</nom>
	</projetRequeteDtos>
	<projetRequeteDtos>
		<num>195</num>
		<bureau>SI-1C</bureau>
		<division>DTT</division>
		<id>c3b63ce4dbd711e54517274e82ce6f97</id>
		<nom>Projet_195</nom>
	</projetRequeteDtos>
	<projetRequeteDtos>
		<num>196</num>
		<bureau>SI-1C</bureau>
		<division>DTT</division>
		<id>c3b663f0dbd711e558c1274e82ce6f97</id>
		<nom>Projet_196</nom>
	</projetRequeteDtos>
	<projetRequeteDtos>
		<num>197</num>
		<bureau>SI-1C</bureau>
		<division>DTT</division>
		<id>c3b663f1dbd711e55338274e82ce6f97</id>
		<nom>Projet_197</nom>
	</projetRequeteDtos>
	<projetRequeteDtos>
		<num>198</num>
		<bureau>SI-1C</bureau>
		<division>DTT</division>
		<id>c3b663f2dbd711e557c5274e82ce6f97</id>
		<nom>Projet_198</nom>
	</projetRequeteDtos>
	<projetRequeteDtos>
		<num>199</num>
		<bureau>SI-1C</bureau>
		<division>DTT</division>
		<id>c3b663f3dbd711e5664c274e82ce6f97</id>
		<nom>Projet_199</nom>
	</projetRequeteDtos>
</projetsRequeteAsyncDto>